INSERT INTO CURRENCY(ID, CODE) VALUES(1, 'PLN');
INSERT INTO CURRENCY(ID, CODE) VALUES(2, 'EUR');

INSERT INTO ROLE(ID, NAME) VALUES(1, 'ADMIN');
INSERT INTO ROLE(ID, NAME) VALUES(2, 'USER');

INSERT INTO APP_USER(ID, USERNAME, PASSWORD, ADDRESS) VALUES(1, 'admin', '$2a$10$Xs7hbG04QVbMMMqqjffp6.DydNeDxjpbQ.f1nA/rXu4YkSAggJ5Rm', 'admin address');
INSERT INTO APP_USER(ID, USERNAME, PASSWORD, ADDRESS) VALUES(2, 'user1', '$2a$10$Xs7hbG04QVbMMMqqjffp6.DydNeDxjpbQ.f1nA/rXu4YkSAggJ5Rm', 'user1 address');
INSERT INTO APP_USER(ID, USERNAME, PASSWORD, ADDRESS) VALUES(3, 'user2', '$2a$10$Xs7hbG04QVbMMMqqjffp6.DydNeDxjpbQ.f1nA/rXu4YkSAggJ5Rm', 'user2 address');

INSERT INTO APP_USER_ROLE(APP_USER_ID, ROLE_ID) VALUES(1, 1);
INSERT INTO APP_USER_ROLE(APP_USER_ID, ROLE_ID) VALUES(2, 2);
INSERT INTO APP_USER_ROLE(APP_USER_ID, ROLE_ID) VALUES(3, 2);

INSERT INTO BANK_ACCOUNT(ID, ACCOUNT_NUMBER, ACCOUNT_NAME, STATUS) VALUES(1, 'PL61109010140000071219812874', 'Account 1', 'ENABLE');
INSERT INTO BANK_ACCOUNT(ID, ACCOUNT_NUMBER, ACCOUNT_NAME, STATUS) VALUES(2, 'DE75512108001245126199', 'Account 2', 'ENABLE');
INSERT INTO BANK_ACCOUNT(ID, ACCOUNT_NUMBER, ACCOUNT_NAME, STATUS) VALUES(3, 'LU120010001234567891', 'Account 3', 'BLOCKED');
INSERT INTO BANK_ACCOUNT(ID, ACCOUNT_NUMBER, ACCOUNT_NAME, STATUS) VALUES(4, 'PT50000201231234567890154', 'Account 4', 'ENABLE');
INSERT INTO BANK_ACCOUNT(ID, ACCOUNT_NUMBER, ACCOUNT_NAME, STATUS) VALUES(5, 'IT60X0542811101000000123456', 'Account 5', 'ENABLE');
INSERT INTO BANK_ACCOUNT(ID, ACCOUNT_NUMBER, ACCOUNT_NAME, STATUS) VALUES(6, 'ES9121000418450200051332', 'Account 6', 'ENABLE');

INSERT INTO BANK_ACCOUNT_APP_USER(BANK_ACCOUNT_ID, APP_USER_ID) VALUES(1, 1);
INSERT INTO BANK_ACCOUNT_APP_USER(BANK_ACCOUNT_ID, APP_USER_ID) VALUES(2, 1);
INSERT INTO BANK_ACCOUNT_APP_USER(BANK_ACCOUNT_ID, APP_USER_ID) VALUES(3, 2);
INSERT INTO BANK_ACCOUNT_APP_USER(BANK_ACCOUNT_ID, APP_USER_ID) VALUES(4, 2);
INSERT INTO BANK_ACCOUNT_APP_USER(BANK_ACCOUNT_ID, APP_USER_ID) VALUES(5, 2);
INSERT INTO BANK_ACCOUNT_APP_USER(BANK_ACCOUNT_ID, APP_USER_ID) VALUES(5, 3);
INSERT INTO BANK_ACCOUNT_APP_USER(BANK_ACCOUNT_ID, APP_USER_ID) VALUES(6, 3);

INSERT INTO BALANCE(ID, BANK_ACCOUNT_ID, AMOUNT, CURRENCY_ID, BALANCE_DATE, TYPE) VALUES(1, 1, 10000, 1, CURRENT_DATE, 'AVAILABLE');
INSERT INTO BALANCE(ID, BANK_ACCOUNT_ID, AMOUNT, CURRENCY_ID, BALANCE_DATE, TYPE) VALUES(2, 1, 100, 2, CURRENT_DATE, 'AVAILABLE');
INSERT INTO BALANCE(ID, BANK_ACCOUNT_ID, AMOUNT, CURRENCY_ID, BALANCE_DATE, TYPE) VALUES(3, 2, 3000, 2, CURRENT_DATE, 'AVAILABLE');
INSERT INTO BALANCE(ID, BANK_ACCOUNT_ID, AMOUNT, CURRENCY_ID, BALANCE_DATE, TYPE) VALUES(4, 3, 500000, 2, CURRENT_DATE-10, 'AVAILABLE');
INSERT INTO BALANCE(ID, BANK_ACCOUNT_ID, AMOUNT, CURRENCY_ID, BALANCE_DATE, TYPE) VALUES(5, 4, 5786, 2, CURRENT_DATE-5, 'AVAILABLE');
INSERT INTO BALANCE(ID, BANK_ACCOUNT_ID, AMOUNT, CURRENCY_ID, BALANCE_DATE, TYPE) VALUES(6, 5, 1234, 2, CURRENT_DATE, 'AVAILABLE');
INSERT INTO BALANCE(ID, BANK_ACCOUNT_ID, AMOUNT, CURRENCY_ID, BALANCE_DATE, TYPE) VALUES(7, 6, 987, 2, CURRENT_DATE, 'AVAILABLE');

INSERT INTO SANCTION(ID, ACCOUNT_NUMBER, REASON) VALUES(1, 'LU280019400644750000', 'simplefer.validation.sanction');
INSERT INTO SANCTION(ID, ACCOUNT_NUMBER, REASON) VALUES(2, 'LU120010001234567891', 'simplefer.validation.sanction');

--Update sequencers
SELECT setval('CURRENCY_ID_SEQ', (SELECT MAX(ID) FROM CURRENCY));
SELECT setval('ROLE_ID_SEQ', (SELECT MAX(ID) FROM ROLE));
SELECT setval('APP_USER_ID_SEQ', (SELECT MAX(ID) FROM APP_USER));
SELECT setval('BANK_ACCOUNT_ID_SEQ', (SELECT MAX(ID) FROM BANK_ACCOUNT));
SELECT setval('BALANCE_ID_SEQ', (SELECT MAX(ID) FROM BALANCE));
SELECT setval('SANCTION_ID_SEQ', (SELECT MAX(ID) FROM SANCTION));